<?xml version="1.0" encoding="UTF-8"?>
<GenRun Id="impl_1" LaunchPart="xc7a50ticsg324-1L" LaunchTime="1646232303">
  <File Type="BITSTR-BMM" Name="comparator_2bit_bd.bmm"/>
  <File Type="OPT-METHODOLOGY-DRC" Name="comparator_2bit_methodology_drc_opted.rpt"/>
  <File Type="INIT-TIMING" Name="comparator_2bit_timing_summary_init.rpt"/>
  <File Type="ROUTE-PWR" Name="comparator_2bit_power_routed.rpt"/>
  <File Type="PA-TCL" Name="comparator_2bit.tcl"/>
  <File Type="OPT-TIMING" Name="comparator_2bit_timing_summary_opted.rpt"/>
  <File Type="OPT-DCP" Name="comparator_2bit_opt.dcp"/>
  <File Type="ROUTE-PWR-SUM" Name="comparator_2bit_power_summary_routed.pb"/>
  <File Type="REPORTS-TCL" Name="comparator_2bit_reports.tcl"/>
  <File Type="OPT-DRC" Name="comparator_2bit_drc_opted.rpt"/>
  <File Type="OPT-HWDEF" Name="comparator_2bit.hwdef"/>
  <File Type="PWROPT-DCP" Name="comparator_2bit_pwropt.dcp"/>
  <File Type="PWROPT-DRC" Name="comparator_2bit_drc_pwropted.rpt"/>
  <File Type="PWROPT-TIMING" Name="comparator_2bit_timing_summary_pwropted.rpt"/>
  <File Type="PLACE-DCP" Name="comparator_2bit_placed.dcp"/>
  <File Type="PLACE-IO" Name="comparator_2bit_io_placed.rpt"/>
  <File Type="PLACE-CLK" Name="comparator_2bit_clock_utilization_placed.rpt"/>
  <File Type="PLACE-UTIL" Name="comparator_2bit_utilization_placed.rpt"/>
  <File Type="PLACE-UTIL-PB" Name="comparator_2bit_utilization_placed.pb"/>
  <File Type="PLACE-CTRL" Name="comparator_2bit_control_sets_placed.rpt"/>
  <File Type="PLACE-SIMILARITY" Name="comparator_2bit_incremental_reuse_placed.rpt"/>
  <File Type="PLACE-PRE-SIMILARITY" Name="comparator_2bit_incremental_reuse_pre_placed.rpt"/>
  <File Type="PLACE-TIMING" Name="comparator_2bit_timing_summary_placed.rpt"/>
  <File Type="POSTPLACE-PWROPT-DCP" Name="comparator_2bit_postplace_pwropt.dcp"/>
  <File Type="BG-BIN" Name="comparator_2bit.bin"/>
  <File Type="POSTPLACE-PWROPT-TIMING" Name="comparator_2bit_timing_summary_postplace_pwropted.rpt"/>
  <File Type="PHYSOPT-DCP" Name="comparator_2bit_physopt.dcp"/>
  <File Type="PHYSOPT-DRC" Name="comparator_2bit_drc_physopted.rpt"/>
  <File Type="BITSTR-MSK" Name="comparator_2bit.msk"/>
  <File Type="PHYSOPT-TIMING" Name="comparator_2bit_timing_summary_physopted.rpt"/>
  <File Type="ROUTE-ERROR-DCP" Name="comparator_2bit_routed_error.dcp"/>
  <File Type="ROUTE-DCP" Name="comparator_2bit_routed.dcp"/>
  <File Type="ROUTE-BLACKBOX-DCP" Name="comparator_2bit_routed_bb.dcp"/>
  <File Type="ROUTE-DRC" Name="comparator_2bit_drc_routed.rpt"/>
  <File Type="ROUTE-DRC-PB" Name="comparator_2bit_drc_routed.pb"/>
  <File Type="ROUTE-DRC-RPX" Name="comparator_2bit_drc_routed.rpx"/>
  <File Type="BITSTR-MMI" Name="comparator_2bit.mmi"/>
  <File Type="ROUTE-METHODOLOGY-DRC" Name="comparator_2bit_methodology_drc_routed.rpt"/>
  <File Type="ROUTE-METHODOLOGY-DRC-RPX" Name="comparator_2bit_methodology_drc_routed.rpx"/>
  <File Type="ROUTE-METHODOLOGY-DRC-PB" Name="comparator_2bit_methodology_drc_routed.pb"/>
  <File Type="ROUTE-PWR-RPX" Name="comparator_2bit_power_routed.rpx"/>
  <File Type="ROUTE-STATUS" Name="comparator_2bit_route_status.rpt"/>
  <File Type="ROUTE-STATUS-PB" Name="comparator_2bit_route_status.pb"/>
  <File Type="ROUTE-TIMINGSUMMARY" Name="comparator_2bit_timing_summary_routed.rpt"/>
  <File Type="ROUTE-TIMING-PB" Name="comparator_2bit_timing_summary_routed.pb"/>
  <File Type="ROUTE-TIMING-RPX" Name="comparator_2bit_timing_summary_routed.rpx"/>
  <File Type="ROUTE-SIMILARITY" Name="comparator_2bit_incremental_reuse_routed.rpt"/>
  <File Type="ROUTE-CLK" Name="comparator_2bit_clock_utilization_routed.rpt"/>
  <File Type="ROUTE-BUS-SKEW" Name="comparator_2bit_bus_skew_routed.rpt"/>
  <File Type="ROUTE-BUS-SKEW-PB" Name="comparator_2bit_bus_skew_routed.pb"/>
  <File Type="ROUTE-BUS-SKEW-RPX" Name="comparator_2bit_bus_skew_routed.rpx"/>
  <File Type="POSTROUTE-PHYSOPT-DCP" Name="comparator_2bit_postroute_physopt.dcp"/>
  <File Type="POSTROUTE-PHYSOPT-BLACKBOX-DCP" Name="comparator_2bit_postroute_physopt_bb.dcp"/>
  <File Type="POSTROUTE-PHYSOPT-TIMING" Name="comparator_2bit_timing_summary_postroute_physopted.rpt"/>
  <File Type="POSTROUTE-PHYSOPT-TIMING-PB" Name="comparator_2bit_timing_summary_postroute_physopted.pb"/>
  <File Type="POSTROUTE-PHYSOPT-TIMING-RPX" Name="comparator_2bit_timing_summary_postroute_physopted.rpx"/>
  <File Type="POSTROUTE-PHYSOPT-BUS-SKEW" Name="comparator_2bit_bus_skew_postroute_physopted.rpt"/>
  <File Type="POSTROUTE-PHYSOPT-BUS-SKEW-PB" Name="comparator_2bit_bus_skew_postroute_physopted.pb"/>
  <File Type="BG-BIT" Name="comparator_2bit.bit"/>
  <File Type="POSTROUTE-PHYSOPT-BUS-SKEW-RPX" Name="comparator_2bit_bus_skew_postroute_physopted.rpx"/>
  <File Type="BITSTR-RBT" Name="comparator_2bit.rbt"/>
  <File Type="BITSTR-NKY" Name="comparator_2bit.nky"/>
  <File Type="PDI-FILE" Name="comparator_2bit.pdi"/>
  <File Type="RCFI_FILE" Name="comparator_2bit.rcfi"/>
  <File Type="CFI_FILE" Name="comparator_2bit.cfi"/>
  <File Type="RNPI_FILE" Name="comparator_2bit.rnpi"/>
  <File Type="NPI_FILE" Name="comparator_2bit.npi"/>
  <File Type="RBD_FILE" Name="comparator_2bit.rbd"/>
  <File Type="BITSTR-LTX" Name="debug_nets.ltx"/>
  <File Type="BITSTR-LTX" Name="comparator_2bit.ltx"/>
  <File Type="BITSTR-SYSDEF" Name="comparator_2bit.sysdef"/>
  <File Type="BG-BGN" Name="comparator_2bit.bgn"/>
  <File Type="BG-DRC" Name="comparator_2bit.drc"/>
  <File Type="RDI-RDI" Name="comparator_2bit.vdi"/>
  <File Type="WBT-USG" Name="usage_statistics_webtalk.html"/>
  <FileSet Name="sources" Type="DesignSrcs" RelSrcDir="$PSRCDIR/sources_1">
    <Filter Type="Srcs"/>
    <File Path="$PPRDIR/comparator_4bit.vhd">
      <FileInfo>
        <Attr Name="UsedIn" Val="synthesis"/>
        <Attr Name="UsedIn" Val="simulation"/>
      </FileInfo>
    </File>
    <Config>
      <Option Name="DesignMode" Val="RTL"/>
      <Option Name="TopModule" Val="comparator_2bit"/>
      <Option Name="TopAutoSet" Val="TRUE"/>
    </Config>
  </FileSet>
  <FileSet Name="constrs_in" Type="Constrs" RelSrcDir="$PSRCDIR/constrs_1">
    <Filter Type="Constrs"/>
    <File Path="$PSRCDIR/constrs_1/new/nexys-a7-50t.xdc">
      <FileInfo>
        <Attr Name="UsedIn" Val="synthesis"/>
        <Attr Name="UsedIn" Val="implementation"/>
      </FileInfo>
    </File>
    <Config>
      <Option Name="ConstrsType" Val="XDC"/>
    </Config>
  </FileSet>
  <FileSet Name="utils" Type="Utils" RelSrcDir="$PSRCDIR/utils_1">
    <Filter Type="Utils"/>
    <Config>
      <Option Name="TopAutoSet" Val="TRUE"/>
    </Config>
  </FileSet>
  <Strategy Version="1" Minor="2">
    <StratHandle Name="Vivado Implementation Defaults" Flow="Vivado Implementation 2020">
      <Desc>Default settings for Implementation.</Desc>
    </StratHandle>
    <Step Id="init_design"/>
    <Step Id="opt_design"/>
    <Step Id="power_opt_design"/>
    <Step Id="place_design"/>
    <Step Id="post_place_power_opt_design"/>
    <Step Id="phys_opt_design"/>
    <Step Id="route_design"/>
    <Step Id="post_route_phys_opt_design"/>
    <Step Id="write_bitstream"/>
  </Strategy>
</GenRun>
